{
  "auc": 0.875811484375,
  "best_threshold": 0.35,
  "report": {
    "0": {
      "precision": 0.9090326302968139,
      "recall": 0.88625,
      "f1-score": 0.8974967562264629,
      "support": 16000.0
    },
    "1": {
      "precision": 0.5864576232674392,
      "recall": 0.64525,
      "f1-score": 0.6144506606356386,
      "support": 4000.0
    },
    "accuracy": 0.83805,
    "macro avg": {
      "precision": 0.7477451267821266,
      "recall": 0.7657499999999999,
      "f1-score": 0.7559737084310507,
      "support": 20000.0
    },
    "weighted avg": {
      "precision": 0.844517628890939,
      "recall": 0.83805,
      "f1-score": 0.8408875371082981,
      "support": 20000.0
    }
  },
  "best_params": {
    "clf__n_estimators": 300,
    "clf__max_depth": 20
  }
}