{
  "model": "AdverseDrugEventPredictor",
  "auc": 0.9834710476190476,
  "best_threshold": 0.5,
  "report": {
    "0": {
      "precision": 0.9594314691807728,
      "recall": 0.9595,
      "f1-score": 0.9594657333666655,
      "support": 14000.0
    },
    "1": {
      "precision": 0.9054842473745625,
      "recall": 0.9053333333333333,
      "f1-score": 0.9054087840653388,
      "support": 6000.0
    },
    "accuracy": 0.94325,
    "macro avg": {
      "precision": 0.9324578582776677,
      "recall": 0.9324166666666667,
      "f1-score": 0.9324372587160021,
      "support": 20000.0
    },
    "weighted avg": {
      "precision": 0.9432473026389098,
      "recall": 0.94325,
      "f1-score": 0.9432486485762674,
      "support": 20000.0
    }
  },
  "best_params": {
    "clf__n_estimators": 400,
    "clf__max_depth": 10
  }
}