{
  "auc": 0.9292645833333335,
  "best_threshold": 0.4,
  "report": {
    "0": {
      "precision": 0.9317320620950984,
      "recall": 0.9295731707317073,
      "f1-score": 0.9306513643855686,
      "support": 16400.0
    },
    "1": {
      "precision": 0.682517866959868,
      "recall": 0.6897222222222222,
      "f1-score": 0.6861011329096436,
      "support": 3600.0
    },
    "accuracy": 0.8864,
    "macro avg": {
      "precision": 0.8071249645274832,
      "recall": 0.8096476964769648,
      "f1-score": 0.808376248647606,
      "support": 20000.0
    },
    "weighted avg": {
      "precision": 0.886873506970757,
      "recall": 0.8864,
      "f1-score": 0.886632322719902,
      "support": 20000.0
    }
  },
  "best_params": {}
}