{
  "mae": 0.39688654755762054,
  "r2": 0.9272097992445172,
  "best_params": {
    "reg__n_estimators": 400,
    "reg__max_depth": 10
  }
}