{
  "model": "COPDExacerbationPredictor",
  "auc": 0.982879857142857,
  "best_threshold": 0.5,
  "report": {
    "0": {
      "precision": 0.9596467293745962,
      "recall": 0.9546428571428571,
      "f1-score": 0.9571382533032549,
      "support": 14000.0
    },
    "1": {
      "precision": 0.895438827597563,
      "recall": 0.9063333333333333,
      "f1-score": 0.9008531433777851,
      "support": 6000.0
    },
    "accuracy": 0.94015,
    "macro avg": {
      "precision": 0.9275427784860796,
      "recall": 0.9304880952380952,
      "f1-score": 0.92899569834052,
      "support": 20000.0
    },
    "weighted avg": {
      "precision": 0.9403843588414862,
      "recall": 0.94015,
      "f1-score": 0.9402527203256139,
      "support": 20000.0
    }
  },
  "best_params": {
    "clf__n_estimators": 400,
    "clf__max_depth": 10
  }
}