{
  "auc": 0.7076191579254079,
  "best_threshold": 0.2,
  "report": {
    "0": {
      "precision": 0.8766005880679124,
      "recall": 0.5924358974358974,
      "f1-score": 0.7070343877902306,
      "support": 15600.0
    },
    "1": {
      "precision": 0.3276937718092418,
      "recall": 0.7043181818181818,
      "f1-score": 0.4472829616800173,
      "support": 4400.0
    },
    "accuracy": 0.61705,
    "macro avg": {
      "precision": 0.6021471799385771,
      "recall": 0.6483770396270396,
      "f1-score": 0.5771586747351239,
      "support": 20000.0
    },
    "weighted avg": {
      "precision": 0.7558410884910048,
      "recall": 0.61705,
      "f1-score": 0.6498890740459836,
      "support": 20000.0
    }
  },
  "best_params": {
    "clf__n_estimators": 400,
    "clf__max_depth": 10
  }
}