{
  "model": "CostOfCareRegressor",
  "mae": 401.8276010115957,
  "r2": 0.7327464018896528,
  "best_params": {
    "reg__n_estimators": 400,
    "reg__max_depth": 10
  }
}