{
  "model": "DiabetesComplicationRisk",
  "auc": 0.9834106726190477,
  "best_threshold": 0.4,
  "report": {
    "0": {
      "precision": 0.9665987483626838,
      "recall": 0.9487857142857142,
      "f1-score": 0.95760940090837,
      "support": 14000.0
    },
    "1": {
      "precision": 0.8854266538830298,
      "recall": 0.9235,
      "f1-score": 0.9040626529613314,
      "support": 6000.0
    },
    "accuracy": 0.9412,
    "macro avg": {
      "precision": 0.9260127011228567,
      "recall": 0.9361428571428572,
      "f1-score": 0.9308360269348507,
      "support": 20000.0
    },
    "weighted avg": {
      "precision": 0.9422471200187876,
      "recall": 0.9412,
      "f1-score": 0.9415453765242584,
      "support": 20000.0
    }
  },
  "best_params": {
    "clf__n_estimators": 300,
    "clf__max_depth": 4
  }
}