{
  "auc": 0.9544714583333334,
  "best_threshold": 0.35,
  "report": {
    "0": {
      "precision": 0.9368278559073475,
      "recall": 0.8897857142857143,
      "f1-score": 0.912701029417152,
      "support": 14000.0
    },
    "1": {
      "precision": 0.7698045651200954,
      "recall": 0.86,
      "f1-score": 0.8124065181453201,
      "support": 6000.0
    },
    "accuracy": 0.88085,
    "macro avg": {
      "precision": 0.8533162105137215,
      "recall": 0.8748928571428571,
      "f1-score": 0.8625537737812361,
      "support": 20000.0
    },
    "weighted avg": {
      "precision": 0.886720868671172,
      "recall": 0.88085,
      "f1-score": 0.8826126760356025,
      "support": 20000.0
    }
  },
  "best_params": {}
}