{
  "auc": 0.8144832549273584,
  "best_threshold": 0.35,
  "report": {
    "0": {
      "precision": 0.8051789587852495,
      "recall": 0.5810017609078458,
      "f1-score": 0.6749630639845436,
      "support": 10222.0
    },
    "1": {
      "precision": 0.6607256020278834,
      "recall": 0.853037430967478,
      "f1-score": 0.7446656548522453,
      "support": 9778.0
    },
    "accuracy": 0.714,
    "macro avg": {
      "precision": 0.7329522804065665,
      "recall": 0.717019595937662,
      "f1-score": 0.7098143594183945,
      "support": 20000.0
    },
    "weighted avg": {
      "precision": 0.7345557126665732,
      "recall": 0.714,
      "f1-score": 0.709040660659763,
      "support": 20000.0
    }
  },
  "best_params": {}
}