{
  "auc": 0.8166758005015191,
  "report": {
    "0": {
      "precision": 0.7386429537985695,
      "recall": 0.747603208765408,
      "f1-score": 0.7430960715674835,
      "support": 10222.0
    },
    "1": {
      "precision": 0.7327532628962088,
      "recall": 0.7234608304356719,
      "f1-score": 0.7280773981062165,
      "support": 9778.0
    },
    "accuracy": 0.7358,
    "macro avg": {
      "precision": 0.7356981083473891,
      "recall": 0.7355320196005399,
      "f1-score": 0.73558673483685,
      "support": 20000.0
    },
    "weighted avg": {
      "precision": 0.7357634839164053,
      "recall": 0.7358,
      "f1-score": 0.73575344211227,
      "support": 20000.0
    }
  },
  "best_params": {
    "clf__n_estimators": 200,
    "clf__max_depth": 4
  }
}