{
  "auc": 0.9389924966124661,
  "best_threshold": 0.35,
  "report": {
    "0": {
      "precision": 0.9451753005602065,
      "recall": 0.915609756097561,
      "f1-score": 0.9301576485892155,
      "support": 16400.0
    },
    "1": {
      "precision": 0.6635059567225869,
      "recall": 0.7580555555555556,
      "f1-score": 0.7076364579281732,
      "support": 3600.0
    },
    "accuracy": 0.88725,
    "macro avg": {
      "precision": 0.8043406286413968,
      "recall": 0.8368326558265583,
      "f1-score": 0.8188970532586943,
      "support": 20000.0
    },
    "weighted avg": {
      "precision": 0.8944748186694349,
      "recall": 0.88725,
      "f1-score": 0.8901038342702279,
      "support": 20000.0
    }
  },
  "best_params": {}
}