{
  "auc": 0.8990632578125,
  "best_threshold": 0.30000000000000004,
  "report": {
    "0": {
      "precision": 0.9323415528836356,
      "recall": 0.8578125,
      "f1-score": 0.8935256013801635,
      "support": 16000.0
    },
    "1": {
      "precision": 0.569047168024247,
      "recall": 0.751,
      "f1-score": 0.6474835650393361,
      "support": 4000.0
    },
    "accuracy": 0.83645,
    "macro avg": {
      "precision": 0.7506943604539413,
      "recall": 0.80440625,
      "f1-score": 0.7705045832097498,
      "support": 20000.0
    },
    "weighted avg": {
      "precision": 0.859682675911758,
      "recall": 0.83645,
      "f1-score": 0.8443171941119981,
      "support": 20000.0
    }
  },
  "best_params": {}
}