{
  "model": "ICUAdmissionPredictor",
  "auc": 0.9835056904761904,
  "best_threshold": 0.5,
  "report": {
    "0": {
      "precision": 0.9600086003010105,
      "recall": 0.9567857142857142,
      "f1-score": 0.9583944478231317,
      "support": 14000.0
    },
    "1": {
      "precision": 0.8999503886224575,
      "recall": 0.907,
      "f1-score": 0.9034614426828256,
      "support": 6000.0
    },
    "accuracy": 0.94185,
    "macro avg": {
      "precision": 0.929979494461734,
      "recall": 0.9318928571428571,
      "f1-score": 0.9309279452529786,
      "support": 20000.0
    },
    "weighted avg": {
      "precision": 0.9419911367974446,
      "recall": 0.94185,
      "f1-score": 0.9419145462810399,
      "support": 20000.0
    }
  },
  "best_params": {
    "clf__n_estimators": 400,
    "clf__max_depth": 10
  }
}