{
  "mae": 0.784136317217005,
  "r2": 0.6353180691303253,
  "best_params": {
    "reg__n_estimators": 400,
    "reg__max_depth": 10
  }
}