{
  "auc": 0.9428638039215687,
  "best_threshold": 0.35,
  "report": {
    "0": {
      "precision": 0.9505965585466755,
      "recall": 0.9326470588235294,
      "f1-score": 0.9415362688915941,
      "support": 17000.0
    },
    "1": {
      "precision": 0.6552243300210779,
      "recall": 0.7253333333333334,
      "f1-score": 0.6884986552760639,
      "support": 3000.0
    },
    "accuracy": 0.90155,
    "macro avg": {
      "precision": 0.8029104442838767,
      "recall": 0.8289901960784314,
      "f1-score": 0.8150174620838291,
      "support": 20000.0
    },
    "weighted avg": {
      "precision": 0.9062907242678359,
      "recall": 0.90155,
      "f1-score": 0.9035806268492647,
      "support": 20000.0
    }
  },
  "best_params": {}
}