{
  "model": "MortalityRiskModel",
  "auc": 0.9809525535714287,
  "best_threshold": 0.35,
  "report": {
    "0": {
      "precision": 0.9682562902282036,
      "recall": 0.9455714285714286,
      "f1-score": 0.9567794160161897,
      "support": 14000.0
    },
    "1": {
      "precision": 0.879582806573957,
      "recall": 0.9276666666666666,
      "f1-score": 0.9029850746268657,
      "support": 6000.0
    },
    "accuracy": 0.9402,
    "macro avg": {
      "precision": 0.9239195484010803,
      "recall": 0.9366190476190477,
      "f1-score": 0.9298822453215276,
      "support": 20000.0
    },
    "weighted avg": {
      "precision": 0.9416542451319295,
      "recall": 0.9402,
      "f1-score": 0.9406411135993925,
      "support": 20000.0
    }
  },
  "best_params": {
    "clf__n_estimators": 300,
    "clf__max_depth": 4
  }
}