{
  "model": "Readmission90DPredictor",
  "auc": 0.5018565171017423,
  "best_threshold": 0.1,
  "report": {
    "0": {
      "precision": 0.961131110763291,
      "recall": 0.9587800562090143,
      "f1-score": 0.9599541439774889,
      "support": 19214.0
    },
    "1": {
      "precision": 0.04921968787515006,
      "recall": 0.05216284987277354,
      "f1-score": 0.0506485484867202,
      "support": 786.0
    },
    "accuracy": 0.92315,
    "macro avg": {
      "precision": 0.5051753993192205,
      "recall": 0.5054714530408939,
      "f1-score": 0.5053013462321045,
      "support": 20000.0
    },
    "weighted avg": {
      "precision": 0.9252929918437872,
      "recall": 0.92315,
      "f1-score": 0.9242184340747017,
      "support": 20000.0
    }
  },
  "best_params": {
    "clf__n_estimators": 300,
    "clf__max_depth": null
  }
}