{
  "auc": 0.9231638533333332,
  "best_threshold": 0.35,
  "report": {
    "0": {
      "precision": 0.924100266069178,
      "recall": 0.8798666666666667,
      "f1-score": 0.9014411583908203,
      "support": 15000.0
    },
    "1": {
      "precision": 0.6848548443511717,
      "recall": 0.7832,
      "f1-score": 0.7307333457734652,
      "support": 5000.0
    },
    "accuracy": 0.8557,
    "macro avg": {
      "precision": 0.8044775552101748,
      "recall": 0.8315333333333333,
      "f1-score": 0.8160872520821427,
      "support": 20000.0
    },
    "weighted avg": {
      "precision": 0.8642889106396764,
      "recall": 0.8557,
      "f1-score": 0.8587642052364816,
      "support": 20000.0
    }
  },
  "best_params": {}
}