{
  "model": "SepsisEarlyWarning",
  "auc": 0.9815946428571428,
  "best_threshold": 0.35,
  "report": {
    "0": {
      "precision": 0.969417617793386,
      "recall": 0.9464285714285714,
      "f1-score": 0.9577851669799046,
      "support": 14000.0
    },
    "1": {
      "precision": 0.8815540113708149,
      "recall": 0.9303333333333333,
      "f1-score": 0.9052870580603308,
      "support": 6000.0
    },
    "accuracy": 0.9416,
    "macro avg": {
      "precision": 0.9254858145821004,
      "recall": 0.9383809523809523,
      "f1-score": 0.9315361125201177,
      "support": 20000.0
    },
    "weighted avg": {
      "precision": 0.9430585358666147,
      "recall": 0.9416,
      "f1-score": 0.9420357343040325,
      "support": 20000.0
    }
  },
  "best_params": {
    "clf__n_estimators": 300,
    "clf__max_depth": 4
  }
}