{
  "auc": 0.9542800544507576,
  "best_threshold": 0.4,
  "report": {
    "0": {
      "precision": 0.9586187214611872,
      "recall": 0.9542613636363636,
      "f1-score": 0.9564350797266514,
      "support": 17600.0
    },
    "1": {
      "precision": 0.6754032258064516,
      "recall": 0.6979166666666666,
      "f1-score": 0.6864754098360656,
      "support": 2400.0
    },
    "accuracy": 0.9235,
    "macro avg": {
      "precision": 0.8170109736338194,
      "recall": 0.8260890151515151,
      "f1-score": 0.8214552447813586,
      "support": 20000.0
    },
    "weighted avg": {
      "precision": 0.9246328619826191,
      "recall": 0.9235,
      "f1-score": 0.924039919339781,
      "support": 20000.0
    }
  },
  "best_params": {}
}